name,sample_size,instance,range_size,instance_name,config_path,hash_value
experiment-1,100,1,10,experiment-1/s100-r10/i1,configs/experiment-1/s100-r10/i1/config.csv,085cb2dd3a212441
experiment-1,100,2,20,experiment-1/s100-r20/i2,configs/experiment-1/s100-r20/i2/config.csv,7a9217d0643e5b35
experiment-1,100,3,30,experiment-1/s100-r30/i3,configs/experiment-1/s100-r30/i3/config.csv,7a1aeeaf07f8082d
experiment-1,100,4,40,experiment-1/s100-r40/i4,configs/experiment-1/s100-r40/i4/config.csv,2c05674f937a7277
experiment-1,100,5,50,experiment-1/s100-r50/i5,configs/experiment-1/s100-r50/i5/config.csv,c685e59422c95ef0
experiment-1,100,6,60,experiment-1/s100-r60/i6,configs/experiment-1/s100-r60/i6/config.csv,db1ba36a0cf82ad6
experiment-1,100,7,70,experiment-1/s100-r70/i7,configs/experiment-1/s100-r70/i7/config.csv,d673e378bc7ca248
experiment-1,100,8,80,experiment-1/s100-r80/i8,configs/experiment-1/s100-r80/i8/config.csv,b1112fa3487999ee
experiment-1,100,9,90,experiment-1/s100-r90/i9,configs/experiment-1/s100-r90/i9/config.csv,837cb8f5b5f98ef5
experiment-1,100,10,100,experiment-1/s100-r100/i10,configs/experiment-1/s100-r100/i10/config.csv,84ec3f26bd62b045
